numero_ocorrencia,data_ocorrencia,ano,municipio,dia_semana,bairro,estado,endereco,tipo_endereco,risp,local_especifico,grupo,subgrupo,natureza,faixa_etaria,sexo
40889487,2025-03-23 16:08:00.000,2025,GOIÂNIA,DOMINGO,CAPUAVA,GO,RUA BARÃO DE MONTEZUMA,URBANO,01ª RISP - GOIÂNIA,RUA/AVENIDA,BUSCA E SALVAMENTO (4),DIVERSOS (404),ALAGAMENTO (40406),NÃO INFORMADO,NÃO INFORMADO
40888735,2025-03-23 15:35:00.000,2025,GOIÂNIA,DOMINGO,SETOR LESTE VILA NOVA,GO,AV MARGINAL BOTAFOGO,URBANO,01ª RISP - GOIÂNIA,RUA/AVENIDA,BUSCA E SALVAMENTO (4),DIVERSOS (404),ALAGAMENTO (40406),NÃO INFORMADO,NÃO INFORMADO
40694759,2025-03-11 18:19:00.000,2025,GOIÂNIA,TERÇA,VILA ROSA,GO,ALAMEDA ALIANÇA,URBANO,01ª RISP - GOIÂNIA,RUA/AVENIDA,BUSCA E SALVAMENTO (4),DIVERSOS (404),ALAGAMENTO (40406),35 A 64,FEMININO
40616565,2025-03-06 21:27:41.570,2025,GOIÂNIA,QUINTA,SETOR LESTE UNIVERSITÁRIO,GO,RUA 242,URBANO,01ª RISP - GOIÂNIA,CONDOMÍNIO VERTICAL (PRÉDIO),BUSCA E SALVAMENTO (4),DIVERSOS (404),ALAGAMENTO (40406),NÃO INFORMADO,NÃO INFORMADO
40509175,2025-02-28 12:34:00.000,2025,GOIÂNIA,SEXTA,SETOR OESTE,GO,RUA 7,URBANO,01ª RISP - GOIÂNIA,CONDOMÍNIO VERTICAL (PRÉDIO),BUSCA E SALVAMENTO (4),DIVERSOS (404),ALAGAMENTO (40406),NÃO INFORMADO,NÃO INFORMADO
40458615,2025-02-25 13:41:00.000,2025,GOIÂNIA,TERÇA,SETOR SUL,GO,RUA 87,URBANO,01ª RISP - GOIÂNIA,RUA/AVENIDA,BUSCA E SALVAMENTO (4),DIVERSOS (404),ALAGAMENTO (40406),NÃO INFORMADO,NÃO INFORMADO
40441286,2025-02-24 13:50:00.000,2025,GOIÂNIA,SEGUNDA,SETOR CÂNDIDA DE MORAIS,GO,AVENIDA PERIMETRAL NORTE,URBANO,01ª RISP - GOIÂNIA,RUA/AVENIDA,BUSCA E SALVAMENTO (4),DIVERSOS (404),ALAGAMENTO (40406),NÃO INFORMADO,NÃO INFORMADO
40441107,2025-02-24 13:11:00.000,2025,GOIÂNIA,SEGUNDA,VILA FINSOCIAL,GO,RUA VF 84,URBANO,01ª RISP - GOIÂNIA,RESIDÊNCIA,BUSCA E SALVAMENTO (4),DIVERSOS (404),ALAGAMENTO (40406),25 A 29,MASCULINO
40221714,2025-02-11 13:14:00.000,2025,GOIÂNIA,TERÇA,NOSSA SENHORA DE FÁTIMA,GO,AVENIDA CONSOLAÇÃO,URBANO,01ª RISP - GOIÂNIA,RUA/AVENIDA,BUSCA E SALVAMENTO (4),DIVERSOS (404),ALAGAMENTO (40406),NÃO INFORMADO,NÃO-INFORMADO
40214596,2025-02-10 22:23:00.000,2025,GOIÂNIA,SEGUNDA,CELINA PARK,GO,AVENIDA MILÃO,URBANO,01ª RISP - GOIÂNIA,RUA/AVENIDA,BUSCA E SALVAMENTO (4),DIVERSOS (404),ALAGAMENTO (40406),NÃO INFORMADO,NÃO INFORMADO
39776613,2025-01-14 16:53:00.000,2025,GOIÂNIA,TERÇA,JARDIM GOIÁS,GO,RUA 56-A,URBANO,01ª RISP - GOIÂNIA,RUA/AVENIDA,BUSCA E SALVAMENTO (4),DIVERSOS (404),ALAGAMENTO (40406),30 A 34,MASCULINO
39776609,2025-01-14 16:54:00.000,2025,GOIÂNIA,TERÇA,SETOR SUL,GO,RUA 87,URBANO,01ª RISP - GOIÂNIA,RUA/AVENIDA,BUSCA E SALVAMENTO (4),DIVERSOS (404),ALAGAMENTO (40406),35 A 64,FEMININO
39776609,2025-01-14 16:54:00.000,2025,GOIÂNIA,TERÇA,SETOR SUL,GO,RUA 87,URBANO,01ª RISP - GOIÂNIA,RUA/AVENIDA,BUSCA E SALVAMENTO (4),DIVERSOS (404),ALAGAMENTO (40406),35 A 64,MASCULINO
39776374,2025-01-14 16:26:00.000,2025,GOIÂNIA,TERÇA,SETOR PEDRO LUDOVICO,GO,HOSPITAL HUGO,URBANO,01ª RISP - GOIÂNIA,OUTRO,BUSCA E SALVAMENTO (4),DIVERSOS (404),ALAGAMENTO (40406),NÃO INFORMADO,NÃO INFORMADO
39767247,2025-01-14 01:14:00.000,2025,GOIÂNIA,TERÇA,VILA MARIA ROSA,GO,RUA ANGÉLICA DA SILVA NUNES,URBANO,01ª RISP - GOIÂNIA,RUA/AVENIDA,BUSCA E SALVAMENTO (4),DIVERSOS (404),ALAGAMENTO (40406),NÃO INFORMADO,NÃO INFORMADO
39767104,2025-01-14 00:30:00.000,2025,GOIÂNIA,TERÇA,VILA MARIA ROSA,GO,RUA ANGÉLICA DA SILVA NUNES,URBANO,01ª RISP - GOIÂNIA,RESIDÊNCIA,BUSCA E SALVAMENTO (4),DIVERSOS (404),ALAGAMENTO (40406),NÃO INFORMADO,NÃO INFORMADO
39766597,2025-01-13 23:11:00.000,2025,GOIÂNIA,SEGUNDA,SETOR JAÓ,GO,RUA DA DIVISA,URBANO,01ª RISP - GOIÂNIA,RUA/AVENIDA,BUSCA E SALVAMENTO (4),DIVERSOS (404),ALAGAMENTO (40406),NÃO INFORMADO,NÃO INFORMADO
39765851,2025-01-13 21:46:00.000,2025,GOIÂNIA,SEGUNDA,JARDIM GUANABARA,GO,RUA INDAIÁ,URBANO,01ª RISP - GOIÂNIA,RUA/AVENIDA,BUSCA E SALVAMENTO (4),DIVERSOS (404),ALAGAMENTO (40406),NÃO INFORMADO,NÃO INFORMADO
39765652,2025-01-13 20:21:00.000,2025,GOIÂNIA,SEGUNDA,SANTA GENOVEVA,GO,RUA MUTUM,URBANO,01ª RISP - GOIÂNIA,RUA/AVENIDA,BUSCA E SALVAMENTO (4),DIVERSOS (404),ALAGAMENTO (40406),NÃO INFORMADO,NÃO INFORMADO
39748577,2025-01-12 19:13:00.000,2025,GOIÂNIA,DOMINGO,SETOR SUL,GO,AV 87,URBANO,01ª RISP - GOIÂNIA,RUA/AVENIDA,BUSCA E SALVAMENTO (4),DIVERSOS (404),ALAGAMENTO (40406),NÃO INFORMADO,NÃO INFORMADO
39748565,2025-01-12 19:22:00.000,2025,GOIÂNIA,DOMINGO,VILA VERA CRUZ,GO,RUA 21 DE ABRIL,URBANO,01ª RISP - GOIÂNIA,RUA/AVENIDA,BUSCA E SALVAMENTO (4),DIVERSOS (404),ALAGAMENTO (40406),NÃO INFORMADO,NÃO INFORMADO
39748492,2025-01-12 19:19:00.000,2025,GOIÂNIA,DOMINGO,SETOR CENTRAL,GO,AVENIDA ANHANGUERA,URBANO,01ª RISP - GOIÂNIA,OUTRO,BUSCA E SALVAMENTO (4),DIVERSOS (404),ALAGAMENTO (40406),NÃO INFORMADO,NÃO-INFORMADO
39542209,2024-12-29 17:42:00.000,2024,GOIÂNIA,DOMINGO,SETOR LESTE UNIVERSITÁRIO,GO,RUA 242,URBANO,01ª RISP - GOIÂNIA,RESIDÊNCIA,BUSCA E SALVAMENTO (4),DIVERSOS (404),ALAGAMENTO (40406),NÃO INFORMADO,NÃO-INFORMADO
39463376,2024-12-24 15:29:00.000,2024,GOIÂNIA,TERÇA,JARDIM BALNEÁRIO MEIA PONTE,GO,RUA PB 6,URBANO,01ª RISP - GOIÂNIA,RUA/AVENIDA,BUSCA E SALVAMENTO (4),DIVERSOS (404),ALAGAMENTO (40406),NÃO INFORMADO,NÃO INFORMADO
39217474,2024-12-09 22:06:00.000,2024,GOIÂNIA,SEGUNDA,JARDIM DIAMANTINA,GO,AVENIDA PERIMETRAL NORTE,URBANO,01ª RISP - GOIÂNIA,RUA/AVENIDA,BUSCA E SALVAMENTO (4),DIVERSOS (404),ALAGAMENTO (40406),18 A 24,MASCULINO
39217474,2024-12-09 22:06:00.000,2024,GOIÂNIA,SEGUNDA,JARDIM DIAMANTINA,GO,AVENIDA PERIMETRAL NORTE,URBANO,01ª RISP - GOIÂNIA,RUA/AVENIDA,BUSCA E SALVAMENTO (4),DIVERSOS (404),ALAGAMENTO (40406),25 A 29,MASCULINO
39197164,2024-12-08 15:39:00.000,2024,GOIÂNIA,DOMINGO,PARQUE INDUSTRIAL JOÃO BRÁZ,GO,AVENIDA FRANCISCO ALVES DE OLIVEIRA,URBANO,01ª RISP - GOIÂNIA,RUA/AVENIDA,BUSCA E SALVAMENTO (4),DIVERSOS (404),ALAGAMENTO (40406),NÃO INFORMADO,NÃO-INFORMADO
39044759,2024-11-29 16:40:00.000,2024,GOIÂNIA,SEXTA,CELINA PARK,GO,AVENIDA MILÃO,URBANO,01ª RISP - GOIÂNIA,RUA/AVENIDA,BUSCA E SALVAMENTO (4),DIVERSOS (404),ALAGAMENTO (40406),NÃO INFORMADO,NÃO INFORMADO
38884086,2024-11-19 19:40:00.000,2024,GOIÂNIA,TERÇA,VILA SÃO LUÍZ,GO,RUA ANICUNS,URBANO,01ª RISP - GOIÂNIA,RUA/AVENIDA,BUSCA E SALVAMENTO (4),DIVERSOS (404),ALAGAMENTO (40406),35 A 64,FEMININO
38769572,2024-11-12 17:05:00.000,2024,GOIÂNIA,TERÇA,JARDIM BONANZA,GO,GO-060,URBANO,01ª RISP - GOIÂNIA,RUA/AVENIDA,BUSCA E SALVAMENTO (4),DIVERSOS (404),ALAGAMENTO (40406),NÃO INFORMADO,NÃO INFORMADO
38769181,2024-11-12 16:43:00.000,2024,GOIÂNIA,TERÇA,CAPUAVA,GO,AVENIDA ANHANGUERA,URBANO,01ª RISP - GOIÂNIA,RUA/AVENIDA,BUSCA E SALVAMENTO (4),DIVERSOS (404),ALAGAMENTO (40406),NÃO INFORMADO,NÃO INFORMADO
38760473,2024-11-12 07:09:00.000,2024,GOIÂNIA,TERÇA,VILA BOA SORTE,GO,RUA CAMPINAS,URBANO,01ª RISP - GOIÂNIA,RUA/AVENIDA,BUSCA E SALVAMENTO (4),DIVERSOS (404),ALAGAMENTO (40406),NÃO INFORMADO,NÃO INFORMADO
38749795,2024-11-11 14:44:00.000,2024,GOIÂNIA,SEGUNDA,JARDIM ATLÂNTICO,GO,AVENIDA GUARAPARI,URBANO,01ª RISP - GOIÂNIA,RUA/AVENIDA,BUSCA E SALVAMENTO (4),DIVERSOS (404),ALAGAMENTO (40406),NÃO INFORMADO,NÃO INFORMADO
38749762,2024-11-11 15:01:00.000,2024,GOIÂNIA,SEGUNDA,JARDIM AMÉRICA,GO,RUA C 181,URBANO,01ª RISP - GOIÂNIA,RESIDÊNCIA,BUSCA E SALVAMENTO (4),DIVERSOS (404),ALAGAMENTO (40406),NÃO INFORMADO,NÃO INFORMADO
38573526,2024-10-31 13:53:00.000,2024,GOIÂNIA,QUINTA,JARDINS MUNIQUE,GO,GO 020,URBANO,01ª RISP - GOIÂNIA,RUA/AVENIDA,BUSCA E SALVAMENTO (4),DIVERSOS (404),ENCHENTE/INUNDAÇÃO (40412),NÃO INFORMADO,NÃO INFORMADO
38559048,2024-10-30 15:24:00.000,2024,GOIÂNIA,QUARTA,SETOR OESTE,GO,AVENIDA ASSIS CHATEAUBRIAND,URBANO,01ª RISP - GOIÂNIA,RUA/AVENIDA,BUSCA E SALVAMENTO (4),DIVERSOS (404),ALAGAMENTO (40406),NÃO INFORMADO,NÃO INFORMADO
38516030,2024-10-27 21:17:00.000,2024,GOIÂNIA,DOMINGO,VILA SÃO PAULO,GO,RUA 5,URBANO,01ª RISP - GOIÂNIA,RESIDÊNCIA,BUSCA E SALVAMENTO (4),DIVERSOS (404),ALAGAMENTO (40406),NÃO INFORMADO,NÃO INFORMADO
38516010,2024-10-27 21:13:00.000,2024,GOIÂNIA,DOMINGO,SETOR SÃO JOSÉ,GO,RUA 5,URBANO,01ª RISP - GOIÂNIA,RESIDÊNCIA,BUSCA E SALVAMENTO (4),DIVERSOS (404),ALAGAMENTO (40406),30 A 34,FEMININO
38515594,2024-10-27 20:39:00.000,2024,GOIÂNIA,DOMINGO,SETOR CAMPINAS,GO,AVENIDA MARECHAL DEODORO,URBANO,01ª RISP - GOIÂNIA,RESIDÊNCIA,BUSCA E SALVAMENTO (4),DIVERSOS (404),ALAGAMENTO (40406),NÃO INFORMADO,NÃO INFORMADO
38515360,2024-10-27 20:28:00.000,2024,GOIÂNIA,DOMINGO,RODOVIÁRIO,GO,AVENIDA ANHANGUERA,URBANO,01ª RISP - GOIÂNIA,RUA/AVENIDA,BUSCA E SALVAMENTO (4),DIVERSOS (404),ALAGAMENTO (40406),NÃO INFORMADO,NÃO INFORMADO
38515176,2024-10-27 20:11:00.000,2024,GOIÂNIA,DOMINGO,JARDIM GOIÁS,GO,AVENIDA MARGINAL BOTAFOGO,URBANO,01ª RISP - GOIÂNIA,RUA/AVENIDA,BUSCA E SALVAMENTO (4),DIVERSOS (404),ALAGAMENTO (40406),18 A 24,MASCULINO
38514912,2024-10-27 19:48:00.000,2024,GOIÂNIA,DOMINGO,SETOR SUDOESTE,GO,T-63,URBANO,01ª RISP - GOIÂNIA,RUA/AVENIDA,BUSCA E SALVAMENTO (4),DIVERSOS (404),ALAGAMENTO (40406),NÃO INFORMADO,NÃO INFORMADO
38514856,2024-10-27 19:36:00.000,2024,GOIÂNIA,DOMINGO,JARDIM AMÉRICA,GO,RUA C-181,URBANO,01ª RISP - GOIÂNIA,RESIDÊNCIA,BUSCA E SALVAMENTO (4),DIVERSOS (404),ALAGAMENTO (40406),35 A 64,FEMININO
38514856,2024-10-27 19:36:00.000,2024,GOIÂNIA,DOMINGO,JARDIM AMÉRICA,GO,RUA C-181,URBANO,01ª RISP - GOIÂNIA,RESIDÊNCIA,BUSCA E SALVAMENTO (4),DIVERSOS (404),ALAGAMENTO (40406),35 A 64,MASCULINO
38514752,2024-10-27 19:41:00.000,2024,GOIÂNIA,DOMINGO,SETOR SUDOESTE,GO,AVENIDA C-4,URBANO,01ª RISP - GOIÂNIA,RUA/AVENIDA,BUSCA E SALVAMENTO (4),DIVERSOS (404),ALAGAMENTO (40406),NÃO INFORMADO,NÃO INFORMADO
38514737,2024-10-27 19:36:00.000,2024,GOIÂNIA,DOMINGO,JARDIM AMÉRICA,GO,RUA C 107,URBANO,01ª RISP - GOIÂNIA,RUA/AVENIDA,BUSCA E SALVAMENTO (4),DIVERSOS (404),ALAGAMENTO (40406),NÃO INFORMADO,NÃO INFORMADO
38514699,2024-10-27 19:42:00.000,2024,GOIÂNIA,DOMINGO,JARDIM AMÉRICA,GO,AVENIDA C 107,URBANO,01ª RISP - GOIÂNIA,SAÍDA DE BANCO,BUSCA E SALVAMENTO (4),DIVERSOS (404),ALAGAMENTO (40406),NÃO INFORMADO,NÃO INFORMADO
38514518,2024-10-27 19:27:00.000,2024,GOIÂNIA,DOMINGO,SETOR BUENO,GO,AV T 3,URBANO,01ª RISP - GOIÂNIA,RUA/AVENIDA,BUSCA E SALVAMENTO (4),DIVERSOS (404),ALAGAMENTO (40406),NÃO INFORMADO,NÃO INFORMADO
38514500,2024-10-27 19:27:00.000,2024,GOIÂNIA,DOMINGO,JARDIM AMÉRICA,GO,RUA C-209,URBANO,01ª RISP - GOIÂNIA,RUA/AVENIDA,BUSCA E SALVAMENTO (4),DIVERSOS (404),ALAGAMENTO (40406),NÃO INFORMADO,NÃO INFORMADO
38514489,2024-10-27 19:25:00.000,2024,GOIÂNIA,DOMINGO,SETOR SUL,GO,RUA 132,URBANO,01ª RISP - GOIÂNIA,RUA/AVENIDA,BUSCA E SALVAMENTO (4),DIVERSOS (404),ALAGAMENTO (40406),35 A 64,FEMININO
38514414,2024-10-27 19:22:00.000,2024,GOIÂNIA,DOMINGO,ALTO DA GLÓRIA,GO,AVENIDA ENGENHEIRO EURICO VIANA,URBANO,01ª RISP - GOIÂNIA,RUA/AVENIDA,BUSCA E SALVAMENTO (4),DIVERSOS (404),ALAGAMENTO (40406),NÃO INFORMADO,NÃO INFORMADO
38421688,2024-10-21 20:22:00.000,2024,GOIÂNIA,SEGUNDA,RESIDENCIAL SERRA AZUL I,GO,RUA ANTÔNIO CONSELHEIRO,URBANO,01ª RISP - GOIÂNIA,RESIDÊNCIA,BUSCA E SALVAMENTO (4),DIVERSOS (404),ALAGAMENTO (40406),NÃO INFORMADO,NÃO INFORMADO
38421258,2024-10-21 19:46:00.000,2024,GOIÂNIA,SEGUNDA,RESIDENCIAL SERRA AZUL II,GO,RUA EMÍLIA ANGELINA DE JESUS,URBANO,01ª RISP - GOIÂNIA,RUA/AVENIDA,BUSCA E SALVAMENTO (4),DIVERSOS (404),ALAGAMENTO (40406),NÃO INFORMADO,NÃO INFORMADO
38380625,2024-10-19 08:44:00.000,2024,GOIÂNIA,SÁBADO,CHÁCARAS BOM RETIRO,GO,RUA C-2,URBANO,01ª RISP - GOIÂNIA,RUA/AVENIDA,BUSCA E SALVAMENTO (4),DIVERSOS (404),ALAGAMENTO (40406),35 A 64,FEMININO
38379884,2024-10-19 05:25:00.000,2024,GOIÂNIA,SÁBADO,VILA FINSOCIAL,GO,RUA VF 96,URBANO,01ª RISP - GOIÂNIA,RUA/AVENIDA,BUSCA E SALVAMENTO (4),DIVERSOS (404),ALAGAMENTO (40406),NÃO INFORMADO,NÃO-INFORMADO
35108856,2024-04-04 20:21:00.000,2024,GOIÂNIA,QUINTA,RESIDENCIAL SERRA AZUL I,GO,AVENIDA PABLO NERUDA,URBANO,01ª RISP - GOIÂNIA,RUA/AVENIDA,BUSCA E SALVAMENTO (4),DIVERSOS (404),ALAGAMENTO (40406),NÃO INFORMADO,NÃO INFORMADO
35107909,2024-04-04 19:22:00.000,2024,GOIÂNIA,QUINTA,JARDIM MIRABEL,GO,RUA MONTE SINAI,URBANO,01ª RISP - GOIÂNIA,RESIDÊNCIA,BUSCA E SALVAMENTO (4),DIVERSOS (404),ALAGAMENTO (40406),NÃO INFORMADO,NÃO INFORMADO
35106200,2024-04-04 17:46:00.000,2024,GOIÂNIA,QUINTA,SETOR SUL,GO,RUA 87,URBANO,01ª RISP - GOIÂNIA,RUA/AVENIDA,BUSCA E SALVAMENTO (4),DIVERSOS (404),ALAGAMENTO (40406),NÃO INFORMADO,NÃO INFORMADO
35106076,2024-04-04 17:42:00.000,2024,GOIÂNIA,QUINTA,PARQUE INDUSTRIAL JOÃO BRÁZ,GO,RUA ESTRADA DO FERRO,URBANO,01ª RISP - GOIÂNIA,RUA/AVENIDA,BUSCA E SALVAMENTO (4),DIVERSOS (404),ALAGAMENTO (40406),NÃO INFORMADO,NÃO INFORMADO
35105332,2024-04-04 17:11:00.000,2024,GOIÂNIA,QUINTA,SETOR JAÓ,GO,AVENIDA PROFESSOR VENERANDO DE FREITAS BORGES,URBANO,01ª RISP - GOIÂNIA,RUA/AVENIDA,BUSCA E SALVAMENTO (4),DIVERSOS (404),ALAGAMENTO (40406),NÃO INFORMADO,NÃO INFORMADO
35105234,2024-04-04 17:09:00.000,2024,GOIÂNIA,QUINTA,AEROVIÁRIO,GO,AVENIDA ANHANGUERA,URBANO,01ª RISP - GOIÂNIA,RUA/AVENIDA,BUSCA E SALVAMENTO (4),DIVERSOS (404),ALAGAMENTO (40406),NÃO INFORMADO,NÃO-INFORMADO
35105215,2024-04-04 17:06:00.000,2024,GOIÂNIA,QUINTA,JARDIM GUANABARA,GO,AVENIDA SALVADOR,URBANO,01ª RISP - GOIÂNIA,RUA/AVENIDA,BUSCA E SALVAMENTO (4),DIVERSOS (404),ALAGAMENTO (40406),NÃO INFORMADO,NÃO-INFORMADO
35105093,2024-04-04 16:59:00.000,2024,GOIÂNIA,QUINTA,PARQUE BURITI,GO,GO-060,URBANO,01ª RISP - GOIÂNIA,RUA/AVENIDA,BUSCA E SALVAMENTO (4),DIVERSOS (404),ALAGAMENTO (40406),NÃO INFORMADO,NÃO INFORMADO
34850858,2024-03-19 22:58:00.000,2024,GOIÂNIA,TERÇA,JARDIM DA LUZ,GO,AVENIDA NICOLAU COPÉRNICO,URBANO,01ª RISP - GOIÂNIA,RUA/AVENIDA,BUSCA E SALVAMENTO (4),DIVERSOS (404),ENCHENTE/INUNDAÇÃO (40412),35 A 64,MASCULINO
34731307,2024-03-12 00:04:00.000,2024,GOIÂNIA,TERÇA,JARDIM NOVA ESPERANÇA,GO,AVENIDA NOROESTE,URBANO,01ª RISP - GOIÂNIA,SAÍDA DE BANCO,BUSCA E SALVAMENTO (4),DIVERSOS (404),ALAGAMENTO (40406),NÃO INFORMADO,NÃO INFORMADO
34704379,2024-03-10 04:14:00.000,2024,GOIÂNIA,DOMINGO,SETOR JAÓ,GO,AVENIDA PROFESSOR VENERANDO DE FREITAS BORGES,URBANO,01ª RISP - GOIÂNIA,RUA/AVENIDA,BUSCA E SALVAMENTO (4),DIVERSOS (404),ALAGAMENTO (40406),NÃO INFORMADO,NÃO INFORMADO
34704333,2024-03-10 03:45:00.000,2024,GOIÂNIA,DOMINGO,JARDIM GOIÁS,GO,RUA 56A,URBANO,01ª RISP - GOIÂNIA,RUA/AVENIDA,BUSCA E SALVAMENTO (4),DIVERSOS (404),ALAGAMENTO (40406),35 A 64,FEMININO
34704323,2024-03-10 03:45:00.000,2024,GOIÂNIA,DOMINGO,SANTA GENOVEVA,GO,RUA MUTUM,URBANO,01ª RISP - GOIÂNIA,RUA/AVENIDA,BUSCA E SALVAMENTO (4),DIVERSOS (404),ALAGAMENTO (40406),18 A 24,MASCULINO
34704294,2024-03-10 03:21:00.000,2024,GOIÂNIA,DOMINGO,SANTA GENOVEVA,GO,AVENIDA SÃO FRANCISCO,URBANO,01ª RISP - GOIÂNIA,RUA/AVENIDA,BUSCA E SALVAMENTO (4),DIVERSOS (404),ALAGAMENTO (40406),NÃO INFORMADO,NÃO INFORMADO
34704266,2024-03-10 03:21:00.000,2024,GOIÂNIA,DOMINGO,JARDIM NOVO MUNDO,GO,AVENIDA ANHANGUERA,URBANO,01ª RISP - GOIÂNIA,RUA/AVENIDA,BUSCA E SALVAMENTO (4),DIVERSOS (404),ALAGAMENTO (40406),NÃO INFORMADO,NÃO INFORMADO
34590250,2024-03-02 16:04:00.000,2024,GOIÂNIA,SÁBADO,CHÁCARAS MARINGÁ,GO,RODOVIA GO-060,URBANO,01ª RISP - GOIÂNIA,RUA/AVENIDA,BUSCA E SALVAMENTO (4),DIVERSOS (404),ALAGAMENTO (40406),NÃO INFORMADO,NÃO INFORMADO
34577738,2024-03-01 18:57:00.000,2024,GOIÂNIA,SEXTA,SETOR MARISTA,GO,RUA 1127,URBANO,01ª RISP - GOIÂNIA,CONDOMÍNIO VERTICAL (PRÉDIO),BUSCA E SALVAMENTO (4),DIVERSOS (404),ALAGAMENTO (40406),NÃO INFORMADO,NÃO INFORMADO
34219901,2024-02-08 23:42:00.000,2024,GOIÂNIA,QUINTA,JARDIM MIRABEL,GO,RUA MONTE SINAI,URBANO,01ª RISP - GOIÂNIA,RESIDÊNCIA,BUSCA E SALVAMENTO (4),DIVERSOS (404),ALAGAMENTO (40406),NÃO INFORMADO,NÃO-INFORMADO
34185335,2024-02-06 20:27:00.000,2024,GOIÂNIA,TERÇA,JARDIM GOIÁS,GO,AVENIDA MARGINAL BOTAFOGO,URBANO,01ª RISP - GOIÂNIA,RUA/AVENIDA,BUSCA E SALVAMENTO (4),DIVERSOS (404),ALAGAMENTO (40406),35 A 64,MASCULINO
34185246,2024-02-06 20:26:00.000,2024,GOIÂNIA,TERÇA,SETOR SUL,GO,RUA 132,URBANO,01ª RISP - GOIÂNIA,RUA/AVENIDA,BUSCA E SALVAMENTO (4),DIVERSOS (404),ALAGAMENTO (40406),NÃO INFORMADO,NÃO INFORMADO
34185142,2024-02-06 20:14:00.000,2024,GOIÂNIA,TERÇA,PARQUE AMAZÔNIA,GO,AVENIDA BELO HORIZONTE,URBANO,01ª RISP - GOIÂNIA,RUA/AVENIDA,BUSCA E SALVAMENTO (4),DIVERSOS (404),ALAGAMENTO (40406),NÃO INFORMADO,NÃO INFORMADO
34184993,2024-02-06 20:03:00.000,2024,GOIÂNIA,TERÇA,JARDIM PLANALTO,GO,AVENIDA T 9,URBANO,01ª RISP - GOIÂNIA,RUA/AVENIDA,BUSCA E SALVAMENTO (4),DIVERSOS (404),ALAGAMENTO (40406),NÃO INFORMADO,NÃO INFORMADO
34184831,2024-02-06 19:51:00.000,2024,GOIÂNIA,TERÇA,PARQUE OESTE INDUSTRIAL,GO,AVENIDA PEDRO LUDOVICO TEIXEIRA,URBANO,01ª RISP - GOIÂNIA,RUA/AVENIDA,BUSCA E SALVAMENTO (4),DIVERSOS (404),ALAGAMENTO (40406),NÃO INFORMADO,NÃO INFORMADO
34026964,2024-01-27 23:37:00.000,2024,GOIÂNIA,SÁBADO,SETOR OESTE,GO,RUA 22,URBANO,01ª RISP - GOIÂNIA,CONDOMÍNIO VERTICAL (PRÉDIO),BUSCA E SALVAMENTO (4),DIVERSOS (404),ALAGAMENTO (40406),NÃO INFORMADO,NÃO INFORMADO
33699011,2024-01-07 17:47:00.000,2024,GOIÂNIA,DOMINGO,SETOR URIAS MAGALHÃES,GO,MARECHAL RONDON,URBANO,01ª RISP - GOIÂNIA,RUA/AVENIDA,BUSCA E SALVAMENTO (4),DIVERSOS (404),ALAGAMENTO (40406),NÃO INFORMADO,NÃO INFORMADO
33698333,2024-01-07 17:04:00.000,2024,GOIÂNIA,DOMINGO,JARDIM ELI FORTE,GO,AVENIDA ELI ALVES FORTE,URBANO,01ª RISP - GOIÂNIA,RUA/AVENIDA,BUSCA E SALVAMENTO (4),DIVERSOS (404),ALAGAMENTO (40406),NÃO INFORMADO,NÃO INFORMADO
33698296,2024-01-07 17:02:00.000,2024,GOIÂNIA,DOMINGO,SETOR CASTELO BRANCO,GO,RUA ANTÔNIO MORAIS NETO,URBANO,01ª RISP - GOIÂNIA,RESIDÊNCIA,BUSCA E SALVAMENTO (4),DIVERSOS (404),ALAGAMENTO (40406),35 A 64,FEMININO
33698240,2024-01-07 16:58:00.000,2024,GOIÂNIA,DOMINGO,RODOVIÁRIO,GO,AVENIDA ANHANGUERA,URBANO,01ª RISP - GOIÂNIA,RUA/AVENIDA,BUSCA E SALVAMENTO (4),DIVERSOS (404),ALAGAMENTO (40406),NÃO INFORMADO,NÃO INFORMADO
33697998,2024-01-07 16:42:00.000,2024,GOIÂNIA,DOMINGO,RODOVIÁRIO,GO,AVENIDA CASTELO BRANCO,URBANO,01ª RISP - GOIÂNIA,RUA/AVENIDA,BUSCA E SALVAMENTO (4),DIVERSOS (404),ALAGAMENTO (40406),65 OU +,MASCULINO
33697728,2024-01-07 16:25:00.000,2024,GOIÂNIA,DOMINGO,JARDIM EUROPA,GO,AVENIDA BERLIM,URBANO,01ª RISP - GOIÂNIA,RESIDÊNCIA,BUSCA E SALVAMENTO (4),DIVERSOS (404),ENCHENTE/INUNDAÇÃO (40412),65 OU +,MASCULINO
33697317,2024-01-07 16:00:00.000,2024,GOIÂNIA,DOMINGO,SETOR OESTE,GO,AVENIDA ANHANGUERA,URBANO,01ª RISP - GOIÂNIA,RUA/AVENIDA,BUSCA E SALVAMENTO (4),DIVERSOS (404),ALAGAMENTO (40406),NÃO INFORMADO,NÃO-INFORMADO
33697046,2024-01-07 15:45:00.000,2024,GOIÂNIA,DOMINGO,JARDIM AMÉRICA,GO,AVENIDA C 12,URBANO,01ª RISP - GOIÂNIA,RUA/AVENIDA,BUSCA E SALVAMENTO (4),DIVERSOS (404),ALAGAMENTO (40406),NÃO INFORMADO,NÃO INFORMADO
33697001,2024-01-07 15:42:00.000,2024,GOIÂNIA,DOMINGO,VILA BELA,GO,AVENIDA T 9,URBANO,01ª RISP - GOIÂNIA,RUA/AVENIDA,BUSCA E SALVAMENTO (4),DIVERSOS (404),ALAGAMENTO (40406),30 A 34,MASCULINO
33668140,2024-01-05 17:29:00.000,2024,GOIÂNIA,SEXTA,JARDIM VILA BOA,GO,AVENIDA DOMICIANO PEIXOTO,URBANO,01ª RISP - GOIÂNIA,RUA/AVENIDA,BUSCA E SALVAMENTO (4),DIVERSOS (404),ALAGAMENTO (40406),NÃO INFORMADO,NÃO INFORMADO
33667584,2024-01-05 17:10:00.000,2024,GOIÂNIA,SEXTA,PARQUE AMAZÔNIA,GO,RUA ARACAJU,URBANO,01ª RISP - GOIÂNIA,RUA/AVENIDA,BUSCA E SALVAMENTO (4),DIVERSOS (404),ALAGAMENTO (40406),NÃO INFORMADO,NÃO INFORMADO
33649367,2024-01-04 15:30:00.000,2024,GOIÂNIA,QUINTA,LOTEAMENTO GRANDE RETIRO,GO,RUA GR2,URBANO,01ª RISP - GOIÂNIA,RESIDÊNCIA,BUSCA E SALVAMENTO (4),DIVERSOS (404),ALAGAMENTO (40406),NÃO INFORMADO,NÃO INFORMADO
33609453,2024-01-01 20:13:00.000,2024,GOIÂNIA,SEGUNDA,JARDIM ATLÂNTICO,GO,RUA DA ARAIA,URBANO,01ª RISP - GOIÂNIA,RUA/AVENIDA,BUSCA E SALVAMENTO (4),DIVERSOS (404),ALAGAMENTO (40406),NÃO INFORMADO,NÃO INFORMADO
33609286,2024-01-01 20:03:00.000,2024,GOIÂNIA,SEGUNDA,JARDIM FLORENÇA,GO,ALAMEDA DAS AZALÉIAS,URBANO,01ª RISP - GOIÂNIA,RUA/AVENIDA,BUSCA E SALVAMENTO (4),DIVERSOS (404),ALAGAMENTO (40406),NÃO INFORMADO,NÃO INFORMADO
33609262,2024-01-01 19:59:00.000,2024,GOIÂNIA,SEGUNDA,JARDIM ATLÂNTICO,GO,RUA DA SOIA,URBANO,01ª RISP - GOIÂNIA,RESIDÊNCIA,BUSCA E SALVAMENTO (4),DIVERSOS (404),ALAGAMENTO (40406),NÃO INFORMADO,NÃO INFORMADO
33609139,2024-01-01 19:49:00.000,2024,GOIÂNIA,SEGUNDA,PARQUE AMAZÔNIA,GO,AVENIDA JOSÉ LEANDRO DA CRUZ,URBANO,01ª RISP - GOIÂNIA,RUA/AVENIDA,BUSCA E SALVAMENTO (4),DIVERSOS (404),ALAGAMENTO (40406),NÃO INFORMADO,NÃO INFORMADO
33609097,2024-01-01 19:47:00.000,2024,GOIÂNIA,SEGUNDA,JARDIM ATLÂNTICO,GO,AVENIDA INDEPENDÊNCIA,URBANO,01ª RISP - GOIÂNIA,RUA/AVENIDA,BUSCA E SALVAMENTO (4),DIVERSOS (404),ALAGAMENTO (40406),NÃO INFORMADO,NÃO INFORMADO
33609011,2024-01-01 19:41:00.000,2024,GOIÂNIA,SEGUNDA,JARDIM FLORENÇA,GO,AVENIDA MADRI,URBANO,01ª RISP - GOIÂNIA,RUA/AVENIDA,BUSCA E SALVAMENTO (4),DIVERSOS (404),ALAGAMENTO (40406),NÃO INFORMADO,NÃO INFORMADO
33607925,2024-01-01 18:13:00.000,2024,GOIÂNIA,SEGUNDA,FAZENDA CAVEIRAS,GO,AVENIDA PERIMETRAL NORTE,URBANO,01ª RISP - GOIÂNIA,RUA/AVENIDA,BUSCA E SALVAMENTO (4),DIVERSOS (404),ALAGAMENTO (40406),NÃO INFORMADO,NÃO INFORMADO
33591629,2023-12-31 12:10:00.000,2023,GOIÂNIA,DOMINGO,VILA RORIZ,GO,RUA UM 4,URBANO,01ª RISP - GOIÂNIA,RESIDÊNCIA,BUSCA E SALVAMENTO (4),DIVERSOS (404),ALAGAMENTO (40406),65 OU +,MASCULINO
33589706,2023-12-31 09:53:00.000,2023,GOIÂNIA,DOMINGO,SETOR JAÓ,GO,AVENIDA PAMPULHA,URBANO,01ª RISP - GOIÂNIA,RUA/AVENIDA,BUSCA E SALVAMENTO (4),DIVERSOS (404),ALAGAMENTO (40406),25 A 29,MASCULINO
33588990,2023-12-31 07:47:00.000,2023,GOIÂNIA,DOMINGO,VILA RORIZ,GO,RUA LUCENA RORIZ,URBANO,01ª RISP - GOIÂNIA,RUA/AVENIDA,BUSCA E SALVAMENTO (4),DIVERSOS (404),ALAGAMENTO (40406),NÃO INFORMADO,NÃO INFORMADO
33588686,2023-12-31 06:04:00.000,2023,GOIÂNIA,DOMINGO,VILA ALPES,GO,AVENIDA T 9,URBANO,01ª RISP - GOIÂNIA,RUA/AVENIDA,BUSCA E SALVAMENTO (4),DIVERSOS (404),ALAGAMENTO (40406),NÃO INFORMADO,NÃO INFORMADO
33529666,2023-12-27 14:45:00.000,2023,GOIÂNIA,QUARTA,SETOR PEDRO LUDOVICO,GO,AVENIDA TERCEIRA RADIAL,URBANO,01ª RISP - GOIÂNIA,RUA/AVENIDA,BUSCA E SALVAMENTO (4),DIVERSOS (404),ALAGAMENTO (40406),NÃO INFORMADO,NÃO INFORMADO
33291460,2023-12-12 13:30:00.000,2023,GOIÂNIA,TERÇA,VILA AMERICANO DO BRASIL,GO,RUA CAMPINAS,URBANO,01ª RISP - GOIÂNIA,RUA/AVENIDA,BUSCA E SALVAMENTO (4),DIVERSOS (404),ENCHENTE/INUNDAÇÃO (40412),NÃO INFORMADO,NÃO INFORMADO
32966969,2023-11-21 19:34:00.000,2023,GOIÂNIA,TERÇA,JARDIM AMÉRICA,GO,RUA C 211,URBANO,01ª RISP - GOIÂNIA,RUA/AVENIDA,BUSCA E SALVAMENTO (4),DIVERSOS (404),ALAGAMENTO (40406),NÃO INFORMADO,NÃO INFORMADO
32966746,2023-11-21 19:26:00.000,2023,GOIÂNIA,TERÇA,SETOR DOS FUNCIONÁRIOS,GO,VIELA CAPIM PUBA,URBANO,01ª RISP - GOIÂNIA,RUA/AVENIDA,BUSCA E SALVAMENTO (4),DIVERSOS (404),ALAGAMENTO (40406),NÃO INFORMADO,NÃO INFORMADO
32966565,2023-11-21 19:09:00.000,2023,GOIÂNIA,TERÇA,SETOR OESTE,GO,AVENIDA PORTUGAL,URBANO,01ª RISP - GOIÂNIA,RUA/AVENIDA,BUSCA E SALVAMENTO (4),DIVERSOS (404),ALAGAMENTO (40406),NÃO INFORMADO,NÃO INFORMADO
31701009,2023-08-29 23:36:00.000,2023,GOIÂNIA,TERÇA,VILA ALPES,GO,RUA A10,URBANO,01ª RISP - GOIÂNIA,RESIDÊNCIA,BUSCA E SALVAMENTO (4),DIVERSOS (404),ALAGAMENTO (40406),18 A 24,MASCULINO
30764173,2023-06-29 09:44:00.000,2023,GOIÂNIA,QUINTA,ALTO DA GLÓRIA,GO,RUA TEREZINA,URBANO,01ª RISP - GOIÂNIA,RUA/AVENIDA,BUSCA E SALVAMENTO (4),DIVERSOS (404),ALAGAMENTO (40406),NÃO INFORMADO,NÃO INFORMADO
29479241,2023-04-07 23:29:00.000,2023,GOIÂNIA,SEXTA,SETOR BELA VISTA,GO,RUA T 64 A,URBANO,01ª RISP - GOIÂNIA,CONDOMÍNIO VERTICAL (PRÉDIO),BUSCA E SALVAMENTO (4),DIVERSOS (404),ALAGAMENTO (40406),NÃO INFORMADO,NÃO INFORMADO
28776026,2023-02-21 19:19:00.000,2023,GOIÂNIA,TERÇA,SETOR BUENO,GO,RUA T 51,URBANO,01ª RISP - GOIÂNIA,CONDOMÍNIO VERTICAL (PRÉDIO),BUSCA E SALVAMENTO (4),DIVERSOS (404),ALAGAMENTO (40406),NÃO INFORMADO,NÃO INFORMADO
28775930,2023-02-21 19:03:00.000,2023,GOIÂNIA,TERÇA,SETOR DOS FUNCIONÁRIOS,GO,RUA P 7,URBANO,01ª RISP - GOIÂNIA,RESIDÊNCIA,BUSCA E SALVAMENTO (4),DIVERSOS (404),ALAGAMENTO (40406),NÃO INFORMADO,NÃO INFORMADO
28774897,2023-02-21 18:11:00.000,2023,GOIÂNIA,TERÇA,SETOR DOS FUNCIONÁRIOS,GO,ALAMEDA P 2,URBANO,01ª RISP - GOIÂNIA,RESIDÊNCIA,BUSCA E SALVAMENTO (4),DIVERSOS (404),ALAGAMENTO (40406),NÃO INFORMADO,NÃO INFORMADO
28774660,2023-02-21 18:01:00.000,2023,GOIÂNIA,TERÇA,VILA AURORA,GO,AVENIDA NAZARENO RORIZ,URBANO,01ª RISP - GOIÂNIA,AUTARQUIA,BUSCA E SALVAMENTO (4),DIVERSOS (404),ALAGAMENTO (40406),NÃO INFORMADO,NÃO INFORMADO
28774489,2023-02-21 17:52:00.000,2023,GOIÂNIA,TERÇA,SETOR SUL,GO,AVENIDA CORA CORALINA,URBANO,01ª RISP - GOIÂNIA,RUA/AVENIDA,BUSCA E SALVAMENTO (4),DIVERSOS (404),ALAGAMENTO (40406),25 A 29,MASCULINO
28774265,2023-02-21 17:38:00.000,2023,GOIÂNIA,TERÇA,SETOR CAMPINAS,GO,AVENIDA ANHANGUERA,URBANO,01ª RISP - GOIÂNIA,RUA/AVENIDA,BUSCA E SALVAMENTO (4),DIVERSOS (404),ALAGAMENTO (40406),30 A 34,MASCULINO
28774265,2023-02-21 17:38:00.000,2023,GOIÂNIA,TERÇA,SETOR CAMPINAS,GO,AVENIDA ANHANGUERA,URBANO,01ª RISP - GOIÂNIA,RUA/AVENIDA,BUSCA E SALVAMENTO (4),DIVERSOS (404),ALAGAMENTO (40406),35 A 64,MASCULINO
28774179,2023-02-21 17:34:00.000,2023,GOIÂNIA,TERÇA,SETOR SEVENE,GO,RUA RN 10,URBANO,01ª RISP - GOIÂNIA,RESIDÊNCIA,BUSCA E SALVAMENTO (4),DIVERSOS (404),ALAGAMENTO (40406),25 A 29,MASCULINO
28774022,2023-02-21 17:26:00.000,2023,GOIÂNIA,TERÇA,FAZENDA CAVEIRAS,GO,AVENIDA PERIMETRAL NORTE,URBANO,01ª RISP - GOIÂNIA,RUA/AVENIDA,BUSCA E SALVAMENTO (4),DIVERSOS (404),ALAGAMENTO (40406),NÃO INFORMADO,NÃO INFORMADO
28761766,2023-02-20 19:20:00.000,2023,GOIÂNIA,SEGUNDA,VILA MUTIRÃO I,GO,GO 070,URBANO,01ª RISP - GOIÂNIA,RODOVIA ESTADUAL,BUSCA E SALVAMENTO (4),DIVERSOS (404),ALAGAMENTO (40406),NÃO INFORMADO,NÃO INFORMADO
28505044,2023-02-03 17:18:00.000,2023,GOIÂNIA,SEXTA,SETOR URIAS MAGALHÃES,GO,AV PERIMETRAL NORTE,URBANO,01ª RISP - GOIÂNIA,RUA/AVENIDA,BUSCA E SALVAMENTO (4),DIVERSOS (404),ENCHENTE/INUNDAÇÃO (40412),NÃO INFORMADO,NÃO INFORMADO
28433827,2023-01-29 17:18:00.000,2023,GOIÂNIA,DOMINGO,CONJUNTO VERA CRUZ II,GO,AVENIDA VINICIUS DE MORAES,URBANO,01ª RISP - GOIÂNIA,CONDOMÍNIO DE CHÁCARAS,BUSCA E SALVAMENTO (4),DIVERSOS (404),ALAGAMENTO (40406),NÃO INFORMADO,NÃO INFORMADO
28433176,2023-01-29 16:38:00.000,2023,GOIÂNIA,DOMINGO,SETOR LESTE UNIVERSITÁRIO,GO,AVENIDA MARGINAL BOTAFOGO,URBANO,01ª RISP - GOIÂNIA,RUA/AVENIDA,BUSCA E SALVAMENTO (4),DIVERSOS (404),ALAGAMENTO (40406),NÃO INFORMADO,NÃO INFORMADO
28432960,2023-01-29 16:22:00.000,2023,GOIÂNIA,DOMINGO,SETOR BUENO,GO,AVENIDA T-8,URBANO,01ª RISP - GOIÂNIA,RUA/AVENIDA,BUSCA E SALVAMENTO (4),DIVERSOS (404),ALAGAMENTO (40406),NÃO INFORMADO,NÃO INFORMADO
28389850,2023-01-26 17:13:00.000,2023,GOIÂNIA,QUINTA,RESIDENCIAL VALE DOS SONHOS,GO,RUA SUELI FRANCOIS,URBANO,01ª RISP - GOIÂNIA,RESIDÊNCIA,BUSCA E SALVAMENTO (4),DIVERSOS (404),ALAGAMENTO (40406),NÃO INFORMADO,NÃO INFORMADO
28388388,2023-01-26 15:49:00.000,2023,GOIÂNIA,QUINTA,RECREIO DO FUNCIONÁRIO PÚBLICO,GO,BR 060,URBANO,01ª RISP - GOIÂNIA,RUA/AVENIDA,BUSCA E SALVAMENTO (4),DIVERSOS (404),ENCHENTE/INUNDAÇÃO (40412),NÃO INFORMADO,NÃO INFORMADO
27952449,2022-12-25 11:08:00.000,2022,GOIÂNIA,DOMINGO,SETOR CENTRAL,GO,AVENIDA INDEPENDÊNCIA - DE 3222 A 4098 - LADO PAR,URBANO,01ª RISP - GOIÂNIA,RUA/AVENIDA,BUSCA E SALVAMENTO (4),DIVERSOS (404),ALAGAMENTO (40406),35 A 64,MASCULINO
27929063,2022-12-23 16:37:00.000,2022,GOIÂNIA,SEXTA,SETOR PEDRO LUDOVICO,GO,RUA 1012,URBANO,01ª RISP - GOIÂNIA,RESIDÊNCIA,BUSCA E SALVAMENTO (4),DIVERSOS (404),ALAGAMENTO (40406),65 OU +,FEMININO
27748113,2022-12-10 16:21:00.000,2022,GOIÂNIA,SÁBADO,JARDIM GOIÁS,GO,RUA H,URBANO,01ª RISP - GOIÂNIA,RUA/AVENIDA,BUSCA E SALVAMENTO (4),DIVERSOS (404),ALAGAMENTO (40406),NÃO INFORMADO,NÃO INFORMADO
27579458,2022-11-28 17:33:00.000,2022,GOIÂNIA,SEGUNDA,PARQUE AMAZÔNIA,GO,AVENIDA FEIRA DE SANTANA,URBANO,01ª RISP - GOIÂNIA,RUA/AVENIDA,BUSCA E SALVAMENTO (4),DIVERSOS (404),ENCHENTE/INUNDAÇÃO (40412),NÃO INFORMADO,NÃO INFORMADO
26613235,2022-09-21 07:45:00.000,2022,GOIÂNIA,QUARTA,SETOR NOVO HORIZONTE,GO,AVENIDA CESAR LATES,URBANO,01ª RISP - GOIÂNIA,RUA/AVENIDA,AÇÕES PREVENTIVAS (2),DIVERSAS (201),ENCHENTE (PROTEÇÃO) (20106),NÃO INFORMADO,NÃO INFORMADO
26540070,2022-09-16 23:27:00.000,2022,GOIÂNIA,SEXTA,SETOR BUENO,GO,RUA T37,URBANO,01ª RISP - GOIÂNIA,RUA/AVENIDA,BUSCA E SALVAMENTO (4),DIVERSOS (404),ALAGAMENTO (40406),25 A 29,MASCULINO
26540070,2022-09-16 23:27:00.000,2022,GOIÂNIA,SEXTA,SETOR BUENO,GO,RUA T37,URBANO,01ª RISP - GOIÂNIA,RUA/AVENIDA,BUSCA E SALVAMENTO (4),DIVERSOS (404),ALAGAMENTO (40406),30 A 34,FEMININO
25530625,2022-07-09 13:47:00.000,2022,GOIÂNIA,SÁBADO,SETOR OESTE,GO,RUA 12,URBANO,01ª RISP - GOIÂNIA,RUA/AVENIDA,BUSCA E SALVAMENTO (4),DIVERSOS (404),ALAGAMENTO (40406),NÃO INFORMADO,NÃO INFORMADO
24235115,2022-04-12 19:02:00.000,2022,GOIÂNIA,TERÇA,VILA ROSA,GO,AVENIDA RIO VERDE,URBANO,01ª RISP - GOIÂNIA,RUA/AVENIDA,BUSCA E SALVAMENTO (4),DIVERSOS (404),ALAGAMENTO (40406),NÃO INFORMADO,NÃO INFORMADO
24185657,2022-04-09 16:41:00.000,2022,GOIÂNIA,SÁBADO,RIO FORMOSO,GO,VIA DOMINGOS ALVES DE CASTRO,URBANO,01ª RISP - GOIÂNIA,RESIDÊNCIA,BUSCA E SALVAMENTO (4),DIVERSOS (404),ALAGAMENTO (40406),35 A 64,MASCULINO
24051520,2022-03-31 21:44:00.000,2022,GOIÂNIA,QUINTA,SETOR BELA VISTA,GO,RUA S 5,URBANO,01ª RISP - GOIÂNIA,RESIDÊNCIA,BUSCA E SALVAMENTO (4),DIVERSOS (404),ALAGAMENTO (40406),NÃO INFORMADO,NÃO INFORMADO
23802939,2022-03-15 18:29:00.000,2022,GOIÂNIA,TERÇA,SETOR PEDRO LUDOVICO,GO,AVENIDA TERCEIRA RADIAL,URBANO,01ª RISP - GOIÂNIA,PARQUE AMBIENTAL,BUSCA E SALVAMENTO (4),DIVERSOS (404),ALAGAMENTO (40406),35 A 64,MASCULINO
23431077,2022-02-19 14:29:00.000,2022,GOIÂNIA,SÁBADO,CONJUNTO CAIÇARA,GO,RUA DONA MARIA KUBITSCHEK DE FIGUEIREDO,URBANO,01ª RISP - GOIÂNIA,RUA/AVENIDA,BUSCA E SALVAMENTO (4),DIVERSOS (404),ALAGAMENTO (40406),65 OU +,FEMININO
23392139,2022-02-17 01:09:00.000,2022,GOIÂNIA,QUINTA,SETOR URIAS MAGALHÃES,GO,RUA FRANCISCO BIBIANO,URBANO,01ª RISP - GOIÂNIA,RESIDÊNCIA,BUSCA E SALVAMENTO (4),DIVERSOS (404),ALAGAMENTO (40406),35 A 64,MASCULINO
23391285,2022-02-16 23:11:00.000,2022,GOIÂNIA,QUARTA,SETOR LESTE UNIVERSITÁRIO,GO,ALAMEDA MARGINAL BOTAFOGO,URBANO,01ª RISP - GOIÂNIA,RUA/AVENIDA,BUSCA E SALVAMENTO (4),DIVERSOS (404),ALAGAMENTO (40406),NÃO INFORMADO,NÃO-INFORMADO
23365727,2022-02-15 12:30:00.000,2022,GOIÂNIA,TERÇA,VILA MARIA ROSA,GO,RUA ROSÂNGELA DA SILVA NUNES,URBANO,01ª RISP - GOIÂNIA,RUA/AVENIDA,BUSCA E SALVAMENTO (4),DIVERSOS (404),ALAGAMENTO (40406),NÃO INFORMADO,NÃO INFORMADO
23332121,2022-02-13 04:48:00.000,2022,GOIÂNIA,DOMINGO,SETOR ASA BRANCA,GO,RUA ASA 8,URBANO,01ª RISP - GOIÂNIA,RESIDÊNCIA,BUSCA E SALVAMENTO (4),DIVERSOS (404),ALAGAMENTO (40406),NÃO INFORMADO,NÃO INFORMADO
23236888,2022-02-07 00:37:00.000,2022,GOIÂNIA,SEGUNDA,JARDIM CALIFÓRNIA,GO,AVENIDA TOPÁZIO,URBANO,01ª RISP - GOIÂNIA,RUA/AVENIDA,BUSCA E SALVAMENTO (4),DIVERSOS (404),ALAGAMENTO (40406),NÃO INFORMADO,NÃO INFORMADO
23088830,2022-01-27 22:21:00.000,2022,GOIÂNIA,QUINTA,CHÁCARAS VILAGE SANTA RITA,GO,BR 060,URBANO,01ª RISP - GOIÂNIA,RUA/AVENIDA,BUSCA E SALVAMENTO (4),DIVERSOS (404),ALAGAMENTO (40406),NÃO INFORMADO,NÃO INFORMADO
23088704,2022-01-27 22:21:00.000,2022,GOIÂNIA,QUINTA,VILA AURORA,GO,AVENIDA NAZARENO RORIZ,URBANO,01ª RISP - GOIÂNIA,RUA/AVENIDA,BUSCA E SALVAMENTO (4),DIVERSOS (404),ALAGAMENTO (40406),NÃO INFORMADO,NÃO INFORMADO
23088635,2022-01-27 22:23:00.000,2022,GOIÂNIA,QUINTA,VILA ABAJÁ,GO,RUA RIO VERDE,URBANO,01ª RISP - GOIÂNIA,RESIDÊNCIA,BUSCA E SALVAMENTO (4),DIVERSOS (404),ALAGAMENTO (40406),35 A 64,FEMININO
23088625,2022-01-27 22:20:00.000,2022,GOIÂNIA,QUINTA,SETOR CAMPINAS,GO,AVENIDA NAZARENO RORIZ,URBANO,01ª RISP - GOIÂNIA,AGÊNCIA,BUSCA E SALVAMENTO (4),DIVERSOS (404),ALAGAMENTO (40406),NÃO INFORMADO,NÃO INFORMADO
23088611,2022-01-27 22:21:00.000,2022,GOIÂNIA,QUINTA,VILA BELA,GO,AVENIDA T 9,URBANO,01ª RISP - GOIÂNIA,RUA/AVENIDA,BUSCA E SALVAMENTO (4),DIVERSOS (404),ALAGAMENTO (40406),NÃO INFORMADO,NÃO INFORMADO
23088515,2022-01-27 22:07:00.000,2022,GOIÂNIA,QUINTA,JARDIM NOVO MUNDO,GO,AVENIDA HAMBURGO,URBANO,01ª RISP - GOIÂNIA,RUA/AVENIDA,BUSCA E SALVAMENTO (4),DIVERSOS (404),ALAGAMENTO (40406),NÃO INFORMADO,NÃO INFORMADO
23088504,2022-01-27 22:07:00.000,2022,GOIÂNIA,QUINTA,VILA AMERICANO DO BRASIL,GO,RUA CAMPINAS,URBANO,01ª RISP - GOIÂNIA,RUA/AVENIDA,BUSCA E SALVAMENTO (4),DIVERSOS (404),ALAGAMENTO (40406),NÃO INFORMADO,NÃO INFORMADO
23088498,2022-01-27 22:09:00.000,2022,GOIÂNIA,QUINTA,SETOR SUDOESTE,GO,AVENIDA C 12,URBANO,01ª RISP - GOIÂNIA,RUA/AVENIDA,BUSCA E SALVAMENTO (4),DIVERSOS (404),ALAGAMENTO (40406),NÃO INFORMADO,NÃO INFORMADO
23088493,2022-01-27 22:07:00.000,2022,GOIÂNIA,QUINTA,JARDIM NOVO MUNDO,GO,ESTRADA B,URBANO,01ª RISP - GOIÂNIA,RUA/AVENIDA,BUSCA E SALVAMENTO (4),DIVERSOS (404),ALAGAMENTO (40406),NÃO INFORMADO,NÃO INFORMADO
23088426,2022-01-27 21:59:00.000,2022,GOIÂNIA,QUINTA,FELIZ,GO,AVENIDA LESTE OESTE,URBANO,01ª RISP - GOIÂNIA,RUA/AVENIDA,BUSCA E SALVAMENTO (4),DIVERSOS (404),ALAGAMENTO (40406),NÃO INFORMADO,NÃO INFORMADO
23088413,2022-01-27 21:58:00.000,2022,GOIÂNIA,QUINTA,VILA MORAIS,GO,AVENIDA ANHANGÜERA - DE 01802 A 02498 - LADO PAR,URBANO,01ª RISP - GOIÂNIA,RUA/AVENIDA,BUSCA E SALVAMENTO (4),DIVERSOS (404),ALAGAMENTO (40406),NÃO INFORMADO,NÃO INFORMADO
22904044,2022-01-14 12:59:00.000,2022,GOIÂNIA,SEXTA,RESIDENCIAL BRISAS DA MATA,GO,RUA BM 15,URBANO,01ª RISP - GOIÂNIA,RIOS/LAGOS,BUSCA E SALVAMENTO (4),DIVERSOS (404),ALAGAMENTO (40406),NÃO INFORMADO,NÃO INFORMADO
22900499,2022-01-14 12:33:00.000,2022,GOIÂNIA,SEXTA,RESIDENCIAL RECANTO DO BOSQUE,GO,RUA RB 53 A,URBANO,01ª RISP - GOIÂNIA,RUA/AVENIDA,BUSCA E SALVAMENTO (4),DIVERSOS (404),ALAGAMENTO (40406),NÃO INFORMADO,NÃO INFORMADO
22573794,2021-12-20 19:11:00.000,2021,GOIÂNIA,SEGUNDA,CONDOMÍNIO AMIN CAMARGO,GO,VIA ANTÔNIO CAMARGO,URBANO,01ª RISP - GOIÂNIA,RUA/AVENIDA,BUSCA E SALVAMENTO (4),DIVERSOS (404),ALAGAMENTO (40406),NÃO INFORMADO,NÃO INFORMADO
22573646,2021-12-20 18:58:00.000,2021,GOIÂNIA,SEGUNDA,SANTA GENOVEVA,GO,RUA MUTUM,URBANO,01ª RISP - GOIÂNIA,RUA/AVENIDA,BUSCA E SALVAMENTO (4),DIVERSOS (404),ALAGAMENTO (40406),NÃO INFORMADO,NÃO INFORMADO
22321184,2021-12-03 21:02:00.000,2021,GOIÂNIA,SEXTA,SETOR GOIÂNIA 2,GO,AVENIDA BOULEVARD CONDE DOS ARCOS,URBANO,01ª RISP - GOIÂNIA,RUA/AVENIDA,BUSCA E SALVAMENTO (4),DIVERSOS (404),ALAGAMENTO (40406),NÃO INFORMADO,NÃO INFORMADO
22274028,2021-11-30 18:40:00.000,2021,GOIÂNIA,TERÇA,RESIDENCIAL RECANTO DO BOSQUE,GO,RUA RB 17,URBANO,01ª RISP - GOIÂNIA,RUA/AVENIDA,BUSCA E SALVAMENTO (4),DIVERSOS (404),ALAGAMENTO (40406),NÃO INFORMADO,NÃO INFORMADO
22154424,2021-11-22 18:13:00.000,2021,GOIÂNIA,SEGUNDA,CONJUNTO CAIÇARA,GO,RUA ANTÔNIO LUDOVICO,URBANO,01ª RISP - GOIÂNIA,RUA/AVENIDA,BUSCA E SALVAMENTO (4),DIVERSOS (404),ALAGAMENTO (40406),NÃO INFORMADO,NÃO INFORMADO
22035895,2021-11-14 17:56:00.000,2021,GOIÂNIA,DOMINGO,SETOR LESTE UNIVERSITÁRIO,GO,RUA 1,URBANO,01ª RISP - GOIÂNIA,RUA/AVENIDA,BUSCA E SALVAMENTO (4),DIVERSOS (404),ALAGAMENTO (40406),NÃO INFORMADO,NÃO INFORMADO
22035802,2021-11-14 17:46:00.000,2021,GOIÂNIA,DOMINGO,VILA COLEMAR NATAL E SILVA,GO,RUA 808,URBANO,01ª RISP - GOIÂNIA,RESIDÊNCIA,BUSCA E SALVAMENTO (4),DIVERSOS (404),ALAGAMENTO (40406),NÃO INFORMADO,NÃO INFORMADO
22023003,2021-11-13 18:43:00.000,2021,GOIÂNIA,SÁBADO,JARDIM MIRABEL,GO,RUA MONTE SINAI,URBANO,01ª RISP - GOIÂNIA,RUA/AVENIDA,BUSCA E SALVAMENTO (4),DIVERSOS (404),ALAGAMENTO (40406),35 A 64,FEMININO
22023003,2021-11-13 18:43:00.000,2021,GOIÂNIA,SÁBADO,JARDIM MIRABEL,GO,RUA MONTE SINAI,URBANO,01ª RISP - GOIÂNIA,RUA/AVENIDA,BUSCA E SALVAMENTO (4),DIVERSOS (404),ALAGAMENTO (40406),65 OU +,MASCULINO
21994715,2021-11-11 21:26:00.000,2021,GOIÂNIA,QUINTA,SÃO FRANCISCO,GO,AVENIDA CASTELO BRANCO - DE 5310 A 5780 - LADO PAR,URBANO,01ª RISP - GOIÂNIA,RUA/AVENIDA,BUSCA E SALVAMENTO (4),DIVERSOS (404),ALAGAMENTO (40406),NÃO INFORMADO,NÃO-INFORMADO
21945787,2021-11-08 15:51:00.000,2021,GOIÂNIA,SEGUNDA,SÃO FRANCISCO,GO,RUA JOÃO PESSOA,URBANO,01ª RISP - GOIÂNIA,RUA/AVENIDA,BUSCA E SALVAMENTO (4),DIVERSOS (404),ALAGAMENTO (40406),NÃO INFORMADO,NÃO INFORMADO
21172873,2021-09-16 03:09:00.000,2021,GOIÂNIA,QUINTA,SETOR BUENO,GO,T-29,URBANO,01ª RISP - GOIÂNIA,RUA/AVENIDA,BUSCA E SALVAMENTO (4),DIVERSOS (404),ALAGAMENTO (40406),NÃO INFORMADO,NÃO INFORMADO
18919165,2021-04-05 19:51:00.000,2021,GOIÂNIA,SEGUNDA,SETOR DOS FUNCIONÁRIOS,GO,RUA P 7,URBANO,01ª RISP - GOIÂNIA,RESIDÊNCIA,BUSCA E SALVAMENTO (4),DIVERSOS (404),ALAGAMENTO (40406),NÃO INFORMADO,NÃO INFORMADO
18481854,2021-03-02 14:26:00.000,2021,GOIÂNIA,TERÇA,SETOR OESTE,GO,ASSIS CHATEAUBRIAND,URBANO,01ª RISP - GOIÂNIA,RUA/AVENIDA,BUSCA E SALVAMENTO (4),DIVERSOS (404),ALAGAMENTO (40406),NÃO INFORMADO,NÃO INFORMADO
18418073,2021-02-25 16:19:00.000,2021,GOIÂNIA,QUINTA,VILA REDENÇÃO,GO,RUA NONATO MOTA,URBANO,01ª RISP - GOIÂNIA,RUA/AVENIDA,BUSCA E SALVAMENTO (4),DIVERSOS (404),ALAGAMENTO (40406),NÃO INFORMADO,NÃO INFORMADO
18417850,2021-02-25 16:09:00.000,2021,GOIÂNIA,QUINTA,JARDIM GOIÁS,GO,RUA 56-A,URBANO,01ª RISP - GOIÂNIA,RESIDÊNCIA,BUSCA E SALVAMENTO (4),DIVERSOS (404),ALAGAMENTO (40406),35 A 64,FEMININO
18417694,2021-02-25 15:58:00.000,2021,GOIÂNIA,QUINTA,CONJUNTO VILA ISABEL,GO,AVENIDA JORGE MARTINS,URBANO,01ª RISP - GOIÂNIA,RESIDÊNCIA,BUSCA E SALVAMENTO (4),DIVERSOS (404),ALAGAMENTO (40406),NÃO INFORMADO,NÃO INFORMADO
18417631,2021-02-25 15:48:00.000,2021,GOIÂNIA,QUINTA,JARDIM GOIÁS,GO,AVENIDA L,URBANO,01ª RISP - GOIÂNIA,RUA/AVENIDA,BUSCA E SALVAMENTO (4),DIVERSOS (404),ALAGAMENTO (40406),NÃO INFORMADO,NÃO INFORMADO
18417604,2021-02-25 15:54:00.000,2021,GOIÂNIA,QUINTA,VILA SÃO JOÃO,GO,RUA 1,URBANO,01ª RISP - GOIÂNIA,RESIDÊNCIA,BUSCA E SALVAMENTO (4),DIVERSOS (404),ALAGAMENTO (40406),NÃO INFORMADO,NÃO INFORMADO
18351677,2021-02-20 16:49:00.000,2021,GOIÂNIA,SÁBADO,SETOR JAÓ,GO,AVENIDA PROFESSOR VENERANDO DE FREITAS BORGES,URBANO,01ª RISP - GOIÂNIA,RUA/AVENIDA,BUSCA E SALVAMENTO (4),DIVERSOS (404),ALAGAMENTO (40406),35 A 64,MASCULINO
18351494,2021-02-20 16:31:00.000,2021,GOIÂNIA,SÁBADO,JARDIM GUANABARA,GO,ALAMEDA AEROPORTO,URBANO,01ª RISP - GOIÂNIA,RESIDÊNCIA,BUSCA E SALVAMENTO (4),DIVERSOS (404),ALAGAMENTO (40406),18 A 24,MASCULINO
18348337,2021-02-20 11:50:00.000,2021,GOIÂNIA,SÁBADO,JARDIM GOIÁS,GO,ESTÁDIO SERRA DOURADA,URBANO,01ª RISP - GOIÂNIA,OUTRO,BUSCA E SALVAMENTO (4),DIVERSOS (404),ALAGAMENTO (40406),NÃO INFORMADO,NÃO INFORMADO
18241988,2021-02-12 14:41:00.000,2021,GOIÂNIA,SEXTA,SETOR SUL,GO,RUA 87 - LADO PAR,URBANO,01ª RISP - GOIÂNIA,RUA/AVENIDA,BUSCA E SALVAMENTO (4),DIVERSOS (404),ALAGAMENTO (40406),35 A 64,FEMININO
18236913,2021-02-12 02:17:00.000,2021,GOIÂNIA,SEXTA,SETOR URIAS MAGALHÃES,GO,AVENIDA PAMPULHA,URBANO,01ª RISP - GOIÂNIA,RUA/AVENIDA,BUSCA E SALVAMENTO (4),DIVERSOS (404),ALAGAMENTO (40406),35 A 64,FEMININO
18236879,2021-02-12 01:58:00.000,2021,GOIÂNIA,SEXTA,SETOR GENTIL MEIRELLES,GO,ALAMEDA MONDRIAN,URBANO,01ª RISP - GOIÂNIA,RESIDÊNCIA,BUSCA E SALVAMENTO (4),DIVERSOS (404),ALAGAMENTO (40406),NÃO INFORMADO,NÃO INFORMADO
18236832,2021-02-12 01:35:00.000,2021,GOIÂNIA,SEXTA,VILA SANTA HELENA,GO,ALAMEDA ANICUS,URBANO,01ª RISP - GOIÂNIA,RUA/AVENIDA,BUSCA E SALVAMENTO (4),DIVERSOS (404),ALAGAMENTO (40406),NÃO INFORMADO,NÃO INFORMADO
18236700,2021-02-12 00:57:00.000,2021,GOIÂNIA,SEXTA,SETOR SÃO JOSÉ,GO,RUA IRMÃO WENCESLAU,URBANO,01ª RISP - GOIÂNIA,RESIDÊNCIA,BUSCA E SALVAMENTO (4),DIVERSOS (404),ALAGAMENTO (40406),18 A 24,MASCULINO
18236306,2021-02-11 23:46:00.000,2021,GOIÂNIA,QUINTA,SETOR DOS FUNCIONÁRIOS,GO,AVENIDA PERIMETRAL,URBANO,01ª RISP - GOIÂNIA,RUA/AVENIDA,BUSCA E SALVAMENTO (4),DIVERSOS (404),ALAGAMENTO (40406),NÃO INFORMADO,NÃO INFORMADO
18236177,2021-02-11 23:33:00.000,2021,GOIÂNIA,QUINTA,SETOR SUL,GO,RUA 87,URBANO,01ª RISP - GOIÂNIA,RUA/AVENIDA,BUSCA E SALVAMENTO (4),DIVERSOS (404),ALAGAMENTO (40406),NÃO INFORMADO,NÃO INFORMADO
18236066,2021-02-11 23:05:00.000,2021,GOIÂNIA,QUINTA,CONJUNTO CAIÇARA,GO,AVENIDA GOVERNADOR JOSÉ LUDOVICO DE ALMEIDA,URBANO,01ª RISP - GOIÂNIA,RUA/AVENIDA,BUSCA E SALVAMENTO (4),DIVERSOS (404),ALAGAMENTO (40406),NÃO INFORMADO,NÃO INFORMADO
18236022,2021-02-11 23:13:00.000,2021,GOIÂNIA,QUINTA,SETOR OESTE,GO,AVENIDA ANHANGÜERA - DE 5831 A 7299 - LADO ÍMPAR,URBANO,01ª RISP - GOIÂNIA,RUA/AVENIDA,BUSCA E SALVAMENTO (4),DIVERSOS (404),ALAGAMENTO (40406),NÃO INFORMADO,NÃO INFORMADO
18235985,2021-02-11 23:08:00.000,2021,GOIÂNIA,QUINTA,SETOR DOS FUNCIONÁRIOS,GO,RUA P6,URBANO,01ª RISP - GOIÂNIA,RESIDÊNCIA,BUSCA E SALVAMENTO (4),DIVERSOS (404),ALAGAMENTO (40406),NÃO INFORMADO,NÃO INFORMADO
18235807,2021-02-11 22:53:00.000,2021,GOIÂNIA,QUINTA,RESIDENCIAL JOÃO PAULO II,GO,RUA JP14,URBANO,01ª RISP - GOIÂNIA,RESIDÊNCIA,BUSCA E SALVAMENTO (4),DIVERSOS (404),ALAGAMENTO (40406),NÃO INFORMADO,NÃO INFORMADO
18235751,2021-02-11 22:46:00.000,2021,GOIÂNIA,QUINTA,CONJUNTO CAIÇARA,GO,RUA MARIA CECILIA MASCANHERAS,URBANO,01ª RISP - GOIÂNIA,RESIDÊNCIA,BUSCA E SALVAMENTO (4),DIVERSOS (404),ALAGAMENTO (40406),NÃO INFORMADO,NÃO INFORMADO
18235746,2021-02-11 22:44:00.000,2021,GOIÂNIA,QUINTA,SANTA GENOVEVA,GO,AL AERPORTO,URBANO,01ª RISP - GOIÂNIA,RUA/AVENIDA,BUSCA E SALVAMENTO (4),DIVERSOS (404),ALAGAMENTO (40406),65 OU +,MASCULINO
18235699,2021-02-11 22:44:00.000,2021,GOIÂNIA,QUINTA,JARDIM GUANABARA III,GO,RUA GB 29,URBANO,01ª RISP - GOIÂNIA,RESIDÊNCIA,BUSCA E SALVAMENTO (4),DIVERSOS (404),ALAGAMENTO (40406),NÃO INFORMADO,NÃO INFORMADO
18235644,2021-02-11 22:40:00.000,2021,GOIÂNIA,QUINTA,SANTA GENOVEVA,GO,AVENIDA OSMAN GARAVELO,URBANO,01ª RISP - GOIÂNIA,RUA/AVENIDA,BUSCA E SALVAMENTO (4),DIVERSOS (404),ALAGAMENTO (40406),25 A 29,MASCULINO
18235613,2021-02-11 22:33:00.000,2021,GOIÂNIA,QUINTA,CONJUNTO CAIÇARA,GO,RUA PAULO MÁRCIO,URBANO,01ª RISP - GOIÂNIA,RESIDÊNCIA,BUSCA E SALVAMENTO (4),DIVERSOS (404),ALAGAMENTO (40406),NÃO INFORMADO,NÃO INFORMADO
18235603,2021-02-11 22:34:00.000,2021,GOIÂNIA,QUINTA,SETOR NORTE FERROVIÁRIO II,GO,RUA SNF 2,URBANO,01ª RISP - GOIÂNIA,RUA/AVENIDA,BUSCA E SALVAMENTO (4),DIVERSOS (404),ALAGAMENTO (40406),NÃO INFORMADO,NÃO INFORMADO
18235525,2021-02-11 22:29:00.000,2021,GOIÂNIA,QUINTA,VILA PEDROSO,GO,AVENIDA FRANCISCO CHARLES,URBANO,01ª RISP - GOIÂNIA,RUA/AVENIDA,BUSCA E SALVAMENTO (4),DIVERSOS (404),ALAGAMENTO (40406),NÃO INFORMADO,NÃO INFORMADO
18235436,2021-02-11 22:20:00.000,2021,GOIÂNIA,QUINTA,PARQUE DAS AMENDOEIRAS,GO,RUA COSTA PARANHOS,URBANO,01ª RISP - GOIÂNIA,RESIDÊNCIA,BUSCA E SALVAMENTO (4),DIVERSOS (404),ALAGAMENTO (40406),35 A 64,FEMININO
18235314,2021-02-11 22:10:00.000,2021,GOIÂNIA,QUINTA,VILA PEDROSO,GO,AVENIDA FRANCISCO SALES,URBANO,01ª RISP - GOIÂNIA,RESIDÊNCIA,BUSCA E SALVAMENTO (4),DIVERSOS (404),ALAGAMENTO (40406),35 A 64,MASCULINO
18235125,2021-02-11 21:56:00.000,2021,GOIÂNIA,QUINTA,SANTO HILÁRIO,GO,RUA SH 5,URBANO,01ª RISP - GOIÂNIA,RESIDÊNCIA,BUSCA E SALVAMENTO (4),DIVERSOS (404),ALAGAMENTO (40406),NÃO INFORMADO,NÃO INFORMADO
18234909,2021-02-11 21:40:00.000,2021,GOIÂNIA,QUINTA,RECANTO DAS MINAS GERAIS,GO,RUA SR 51,URBANO,01ª RISP - GOIÂNIA,RESIDÊNCIA,BUSCA E SALVAMENTO (4),DIVERSOS (404),ALAGAMENTO (40406),NÃO INFORMADO,NÃO INFORMADO
18176601,2021-02-07 15:16:00.000,2021,GOIÂNIA,DOMINGO,JARDIM NOVO MUNDO,GO,RUA 18,URBANO,01ª RISP - GOIÂNIA,RUA/AVENIDA,BUSCA E SALVAMENTO (4),DIVERSOS (404),ALAGAMENTO (40406),0 A 11,MASCULINO
18100700,2021-02-01 17:15:00.000,2021,GOIÂNIA,SEGUNDA,CONDOMÍNIO DAS ESMERALDAS,GO,RUA 52,URBANO,01ª RISP - GOIÂNIA,RESIDÊNCIA,BUSCA E SALVAMENTO (4),DIVERSOS (404),ALAGAMENTO (40406),NÃO INFORMADO,NÃO INFORMADO
17863418,2021-01-14 06:13:00.000,2021,GOIÂNIA,QUINTA,PARQUE AMAZÔNIA,GO,AVENIDA FEIRA DE SANTANA - ATÉ 332/333,URBANO,01ª RISP - GOIÂNIA,RUA/AVENIDA,BUSCA E SALVAMENTO (4),DIVERSOS (404),ALAGAMENTO (40406),NÃO INFORMADO,NÃO INFORMADO
17837483,2021-01-11 07:46:53.020,2021,GOIÂNIA,SEGUNDA,SETOR CENTRAL,GO,AV. PARANAIBA,URBANO,01ª RISP - GOIÂNIA,OUTRO,BUSCA E SALVAMENTO (4),DIVERSOS (404),ALAGAMENTO (40406),NÃO INFORMADO,NÃO INFORMADO
17826053,2021-01-11 09:59:00.000,2021,GOIÂNIA,SEGUNDA,ZONA URBANA,GO,GO 020,URBANO,01ª RISP - GOIÂNIA,OUTRO,BUSCA E SALVAMENTO (4),DIVERSOS (404),ALAGAMENTO (40406),NÃO INFORMADO,NÃO INFORMADO
17810241,2021-01-09 19:31:00.000,2021,GOIÂNIA,SÁBADO,SETOR SÃO JOSÉ,GO,RUA IRMÃO WENCESLAU,URBANO,01ª RISP - GOIÂNIA,RUA/AVENIDA,BUSCA E SALVAMENTO (4),DIVERSOS (404),ALAGAMENTO (40406),35 A 64,FEMININO
17809310,2021-01-09 18:56:00.000,2021,GOIÂNIA,SÁBADO,VILA SANTO AFONSO,GO,RUA JOÃO XXIII,URBANO,01ª RISP - GOIÂNIA,RUA/AVENIDA,BUSCA E SALVAMENTO (4),DIVERSOS (404),ALAGAMENTO (40406),NÃO INFORMADO,NÃO INFORMADO
17809209,2021-01-09 18:48:00.000,2021,GOIÂNIA,SÁBADO,SETOR URIAS MAGALHÃES,GO,AVENIDA PAMPULHA,URBANO,01ª RISP - GOIÂNIA,RESIDÊNCIA,BUSCA E SALVAMENTO (4),DIVERSOS (404),ALAGAMENTO (40406),NÃO INFORMADO,NÃO INFORMADO
17809100,2021-01-09 18:35:00.000,2021,GOIÂNIA,SÁBADO,AEROVIÁRIO,GO,RUA DOUTOR JOSE LOBO,URBANO,01ª RISP - GOIÂNIA,RESIDÊNCIA,BUSCA E SALVAMENTO (4),DIVERSOS (404),ALAGAMENTO (40406),NÃO INFORMADO,NÃO-INFORMADO
17809064,2021-01-09 18:36:00.000,2021,GOIÂNIA,SÁBADO,SETOR SÃO JOSÉ,GO,RUA 5,URBANO,01ª RISP - GOIÂNIA,RUA/AVENIDA,BUSCA E SALVAMENTO (4),DIVERSOS (404),ENCHENTE/INUNDAÇÃO (40412),NÃO INFORMADO,NÃO INFORMADO
17808999,2021-01-09 18:32:00.000,2021,GOIÂNIA,SÁBADO,SETOR SÃO JOSÉ,GO,RUA 4,URBANO,01ª RISP - GOIÂNIA,RUA/AVENIDA,BUSCA E SALVAMENTO (4),DIVERSOS (404),ALAGAMENTO (40406),NÃO INFORMADO,NÃO INFORMADO
17808299,2021-01-09 17:56:00.000,2021,GOIÂNIA,SÁBADO,JARDIM AMÉRICA,GO,AVENIDA C 197,URBANO,01ª RISP - GOIÂNIA,RESIDÊNCIA,BUSCA E SALVAMENTO (4),DIVERSOS (404),ALAGAMENTO (40406),NÃO INFORMADO,NÃO INFORMADO
17808257,2021-01-09 17:51:00.000,2021,GOIÂNIA,SÁBADO,SETOR CAMPINAS,GO,AVENIDA ANHANGÜERA - DE 8033 A 8681 - LADO ÍMPAR,URBANO,01ª RISP - GOIÂNIA,RUA/AVENIDA,BUSCA E SALVAMENTO (4),DIVERSOS (404),ALAGAMENTO (40406),NÃO INFORMADO,NÃO INFORMADO
17808097,2021-01-09 17:44:00.000,2021,GOIÂNIA,SÁBADO,VILA SANTO AFONSO,GO,RUA PADRE LÍBIO BUENO,URBANO,01ª RISP - GOIÂNIA,RESIDÊNCIA,BUSCA E SALVAMENTO (4),DIVERSOS (404),ALAGAMENTO (40406),NÃO INFORMADO,NÃO INFORMADO
17808074,2021-01-09 17:38:00.000,2021,GOIÂNIA,SÁBADO,SETOR PEDRO LUDOVICO,GO,AVENIDA PRIMEIRA RADIAL,URBANO,01ª RISP - GOIÂNIA,RUA/AVENIDA,BUSCA E SALVAMENTO (4),DIVERSOS (404),ENCHENTE/INUNDAÇÃO (40412),NÃO INFORMADO,NÃO INFORMADO
17808045,2021-01-09 17:33:00.000,2021,GOIÂNIA,SÁBADO,JARDIM AMÉRICA,GO,C 107,URBANO,01ª RISP - GOIÂNIA,TERRENO/LOTE BALDIO,BUSCA E SALVAMENTO (4),DIVERSOS (404),ALAGAMENTO (40406),NÃO INFORMADO,NÃO INFORMADO
17808008,2021-01-09 17:33:00.000,2021,GOIÂNIA,SÁBADO,JARDIM EUROPA,GO,RUA VERDI,URBANO,01ª RISP - GOIÂNIA,RESIDÊNCIA,BUSCA E SALVAMENTO (4),DIVERSOS (404),ENCHENTE/INUNDAÇÃO (40412),35 A 64,MASCULINO
17807836,2021-01-09 17:22:00.000,2021,GOIÂNIA,SÁBADO,SETOR SUDOESTE,GO,AVENIDA C 7,URBANO,01ª RISP - GOIÂNIA,RUA/AVENIDA,BUSCA E SALVAMENTO (4),DIVERSOS (404),ENCHENTE/INUNDAÇÃO (40412),NÃO INFORMADO,NÃO INFORMADO
17807669,2021-01-09 17:15:00.000,2021,GOIÂNIA,SÁBADO,SETOR SUDOESTE,GO,AVENIDA C 12,URBANO,01ª RISP - GOIÂNIA,RUA/AVENIDA,BUSCA E SALVAMENTO (4),DIVERSOS (404),ALAGAMENTO (40406),NÃO INFORMADO,NÃO INFORMADO
17778047,2021-01-07 13:30:00.000,2021,GOIÂNIA,QUINTA,SETOR CENTRO OESTE,GO,RUA 15 DE NOVEMBRO,URBANO,01ª RISP - GOIÂNIA,RESIDÊNCIA,BUSCA E SALVAMENTO (4),DIVERSOS (404),ALAGAMENTO (40406),NÃO INFORMADO,NÃO INFORMADO
17710013,2021-01-01 15:46:00.000,2021,GOIÂNIA,SEXTA,FAZENDA CAVEIRAS,GO,AVENIDA PERIMETRAL NORTE,URBANO,01ª RISP - GOIÂNIA,RUA/AVENIDA,BUSCA E SALVAMENTO (4),DIVERSOS (404),ALAGAMENTO (40406),NÃO INFORMADO,NÃO INFORMADO
17650712,2020-12-27 16:54:00.000,2020,GOIÂNIA,DOMINGO,RECREIO DO FUNCIONÁRIO PÚBLICO,GO,RODOVIA BR 060,URBANO,01ª RISP - GOIÂNIA,RUA/AVENIDA,BUSCA E SALVAMENTO (4),DIVERSOS (404),ALAGAMENTO (40406),NÃO INFORMADO,NÃO INFORMADO
17573728,2020-12-21 02:36:00.000,2020,GOIÂNIA,SEGUNDA,SETOR CENTRAL,GO,RUA 87,URBANO,01ª RISP - GOIÂNIA,RUA/AVENIDA,BUSCA E SALVAMENTO (4),DIVERSOS (404),ENCHENTE/INUNDAÇÃO (40412),NÃO INFORMADO,NÃO INFORMADO
17181911,2020-11-20 08:34:00.000,2020,GOIÂNIA,SEXTA,PARK LOZANDES,GO,GO 020,URBANO,01ª RISP - GOIÂNIA,OUTRO,BUSCA E SALVAMENTO (4),DIVERSOS (404),ALAGAMENTO (40406),NÃO INFORMADO,NÃO INFORMADO
17181741,2020-11-20 08:09:00.000,2020,GOIÂNIA,SEXTA,PARK LOZANDES,GO,GO 020,URBANO,01ª RISP - GOIÂNIA,NÃO IDENTIFICADO,BUSCA E SALVAMENTO (4),DIVERSOS (404),ALAGAMENTO (40406),NÃO INFORMADO,NÃO INFORMADO
17181409,2020-11-20 06:07:00.000,2020,GOIÂNIA,SEXTA,VILA SÃO LUÍZ,GO,RUA ANICUNS,URBANO,01ª RISP - GOIÂNIA,RUA/AVENIDA,BUSCA E SALVAMENTO (4),DIVERSOS (404),ALAGAMENTO (40406),NÃO INFORMADO,NÃO INFORMADO
17181171,2020-11-20 03:49:00.000,2020,GOIÂNIA,SEXTA,JARDIM NOVO MUNDO,GO,GO 403,URBANO,01ª RISP - GOIÂNIA,RUA/AVENIDA,BUSCA E SALVAMENTO (4),DIVERSOS (404),ALAGAMENTO (40406),NÃO INFORMADO,NÃO INFORMADO
14655572,2020-04-22 15:58:00.000,2020,GOIÂNIA,QUARTA,PARQUE DAS NAÇÕES,GO,RUA FINLÂNDIA,URBANO,01ª RISP - GOIÂNIA,CHÁCARA/SÍTIO,BUSCA E SALVAMENTO (4),DIVERSOS (404),ALAGAMENTO (40406),NÃO INFORMADO,NÃO INFORMADO
14650718,2020-04-22 09:26:00.000,2020,GOIÂNIA,QUARTA,SETOR URIAS MAGALHÃES II,GO,RUA UM 10,URBANO,01ª RISP - GOIÂNIA,RUA/AVENIDA,BUSCA E SALVAMENTO (4),DIVERSOS (404),ALAGAMENTO (40406),35 A 64,MASCULINO
14649802,2020-04-22 06:41:00.000,2020,GOIÂNIA,QUARTA,RESIDENCIAL RECANTO DO BOSQUE,GO,RUA RB 19,URBANO,01ª RISP - GOIÂNIA,RUA/AVENIDA,BUSCA E SALVAMENTO (4),DIVERSOS (404),ALAGAMENTO (40406),35 A 64,MASCULINO
14622465,2020-04-19 16:32:00.000,2020,GOIÂNIA,DOMINGO,DA VITÓRIA,GO,RUA A 12,URBANO,01ª RISP - GOIÂNIA,RESIDÊNCIA,BUSCA E SALVAMENTO (4),DIVERSOS (404),ALAGAMENTO (40406),NÃO INFORMADO,NÃO INFORMADO
13872286,2020-02-16 15:05:00.000,2020,GOIÂNIA,DOMINGO,SETOR SUL,GO,RUA 87 - LADO ÍMPAR,URBANO,01ª RISP - GOIÂNIA,RUA/AVENIDA,BUSCA E SALVAMENTO (4),DIVERSOS (404),ALAGAMENTO (40406),35 A 64,MASCULINO
13819984,2020-02-12 14:47:00.000,2020,GOIÂNIA,QUARTA,SETOR CASTELO BRANCO,GO,MARGINAL CASCAVEL,URBANO,01ª RISP - GOIÂNIA,RUA/AVENIDA,BUSCA E SALVAMENTO (4),DIVERSOS (404),ALAGAMENTO (40406),NÃO INFORMADO,NÃO INFORMADO
13749999,2020-02-06 14:00:00.000,2020,GOIÂNIA,QUINTA,SETOR CENTRAL,GO,PRAÇA CÍVICA,URBANO,01ª RISP - GOIÂNIA,PRAÇA,BUSCA E SALVAMENTO (4),DIVERSOS (404),ALAGAMENTO (40406),30 A 34,MASCULINO
13749999,2020-02-06 14:00:00.000,2020,GOIÂNIA,QUINTA,SETOR CENTRAL,GO,PRAÇA CÍVICA,URBANO,01ª RISP - GOIÂNIA,PRAÇA,BUSCA E SALVAMENTO (4),DIVERSOS (404),ALAGAMENTO (40406),35 A 64,MASCULINO
13613202,2020-01-26 19:43:00.000,2020,GOIÂNIA,DOMINGO,SETOR AEROPORTO,GO,AVENIDA ANHANGÜERA,URBANO,01ª RISP - GOIÂNIA,RUA/AVENIDA,BUSCA E SALVAMENTO (4),DIVERSOS (404),ALAGAMENTO (40406),30 A 34,FEMININO
13555320,2020-01-21 21:35:00.000,2020,GOIÂNIA,TERÇA,SETOR SÃO JOSÉ,GO,AV PADRE WENDEL,URBANO,01ª RISP - GOIÂNIA,RUA/AVENIDA,BUSCA E SALVAMENTO (4),DIVERSOS (404),ALAGAMENTO (40406),NÃO INFORMADO,NÃO INFORMADO
13554021,2020-01-21 19:45:00.000,2020,GOIÂNIA,TERÇA,JARDIM MIRABEL,GO,RUA FÉLIX DE BULHÕES,URBANO,01ª RISP - GOIÂNIA,RESIDÊNCIA,BUSCA E SALVAMENTO (4),DIVERSOS (404),ALAGAMENTO (40406),NÃO INFORMADO,NÃO-INFORMADO
13554006,2020-01-21 19:40:00.000,2020,GOIÂNIA,TERÇA,RESIDENCIAL SERRA AZUL I,GO,RUA ANTÔNIO CONSELHEIRO,URBANO,01ª RISP - GOIÂNIA,RESIDÊNCIA,BUSCA E SALVAMENTO (4),DIVERSOS (404),ALAGAMENTO (40406),NÃO INFORMADO,NÃO INFORMADO
13553579,2020-01-21 19:03:00.000,2020,GOIÂNIA,TERÇA,JARDIM MIRABEL,GO,RUA MONTE SINAI,URBANO,01ª RISP - GOIÂNIA,RUA/AVENIDA,BUSCA E SALVAMENTO (4),DIVERSOS (404),ALAGAMENTO (40406),12 A 17,FEMININO
13553579,2020-01-21 19:03:00.000,2020,GOIÂNIA,TERÇA,JARDIM MIRABEL,GO,RUA MONTE SINAI,URBANO,01ª RISP - GOIÂNIA,RUA/AVENIDA,BUSCA E SALVAMENTO (4),DIVERSOS (404),ALAGAMENTO (40406),12 A 17,MASCULINO
13553579,2020-01-21 19:03:00.000,2020,GOIÂNIA,TERÇA,JARDIM MIRABEL,GO,RUA MONTE SINAI,URBANO,01ª RISP - GOIÂNIA,RUA/AVENIDA,BUSCA E SALVAMENTO (4),DIVERSOS (404),ALAGAMENTO (40406),18 A 24,FEMININO
13553579,2020-01-21 19:03:00.000,2020,GOIÂNIA,TERÇA,JARDIM MIRABEL,GO,RUA MONTE SINAI,URBANO,01ª RISP - GOIÂNIA,RUA/AVENIDA,BUSCA E SALVAMENTO (4),DIVERSOS (404),ALAGAMENTO (40406),18 A 24,MASCULINO
13553579,2020-01-21 19:03:00.000,2020,GOIÂNIA,TERÇA,JARDIM MIRABEL,GO,RUA MONTE SINAI,URBANO,01ª RISP - GOIÂNIA,RUA/AVENIDA,BUSCA E SALVAMENTO (4),DIVERSOS (404),ALAGAMENTO (40406),35 A 64,FEMININO
13553579,2020-01-21 19:03:00.000,2020,GOIÂNIA,TERÇA,JARDIM MIRABEL,GO,RUA MONTE SINAI,URBANO,01ª RISP - GOIÂNIA,RUA/AVENIDA,BUSCA E SALVAMENTO (4),DIVERSOS (404),ALAGAMENTO (40406),NÃO INFORMADO,MASCULINO
13553461,2020-01-21 18:43:00.000,2020,GOIÂNIA,TERÇA,RESIDENCIAL FORTEVILLE,GO,RUA FV 1,URBANO,01ª RISP - GOIÂNIA,RESIDÊNCIA,BUSCA E SALVAMENTO (4),DIVERSOS (404),ALAGAMENTO (40406),35 A 64,FEMININO
13553154,2020-01-21 18:29:00.000,2020,GOIÂNIA,TERÇA,PARQUE INDUSTRIAL JOÃO BRÁZ,GO,RUA MISSÕES,URBANO,01ª RISP - GOIÂNIA,RUA/AVENIDA,BUSCA E SALVAMENTO (4),DIVERSOS (404),ALAGAMENTO (40406),NÃO INFORMADO,NÃO INFORMADO
13552996,2020-01-21 18:17:00.000,2020,GOIÂNIA,TERÇA,JARDIM CARAVELAS,GO,RUA JCA 12,URBANO,01ª RISP - GOIÂNIA,RUA/AVENIDA,BUSCA E SALVAMENTO (4),DIVERSOS (404),ALAGAMENTO (40406),35 A 64,MASCULINO
13552532,2020-01-21 17:47:00.000,2020,GOIÂNIA,TERÇA,PARQUE INDUSTRIAL JOÃO BRÁZ,GO,RUA CRISTÓVÃO COLOMBO,URBANO,01ª RISP - GOIÂNIA,RUA/AVENIDA,BUSCA E SALVAMENTO (4),DIVERSOS (404),ALAGAMENTO (40406),NÃO INFORMADO,NÃO INFORMADO
13552074,2020-01-21 17:07:00.000,2020,GOIÂNIA,TERÇA,SETOR SANTOS DUMONT,GO,RUA 20,URBANO,01ª RISP - GOIÂNIA,RUA/AVENIDA,BUSCA E SALVAMENTO (4),DIVERSOS (404),ALAGAMENTO (40406),NÃO INFORMADO,NÃO INFORMADO
13551552,2020-01-21 16:35:00.000,2020,GOIÂNIA,TERÇA,CONJUNTO VERA CRUZ,GO,RUA VC 18,URBANO,01ª RISP - GOIÂNIA,RUA/AVENIDA,BUSCA E SALVAMENTO (4),DIVERSOS (404),ALAGAMENTO (40406),NÃO INFORMADO,NÃO INFORMADO
